Workbook

Sheet Prodotti
A1: Azienda | B1: Prodotto | C1: Quantità | D1: Prezzo | E1: Totale
A2: Tech Innovations Ltd. | B2: Tecnologia | C2: 500 | D2: 15.75 | E2: =C2*D2 -> 7875
A3: Tech Innovations Ltd. | B3: Cibo | C3: 1200 | D3: 8.5 | E3: =C3*D3 -> 10200
A4: SolarTech Solutions | B4: Pannelli | C4: 800 | D4: 12.25 | E4: =C4*D4 -> 9800
A5: Tech Innovations Ltd. | B5: Quanti | C5: 300 | D5: 25 | E5: =C5*D5 -> 7500
A6: SolarTech Solutions | B6: Infinito | C6: 1500 | D6: 6.5 | E6: =C6*D6 -> 9750
A7: AquaLux Dynamics | B7: Crema | C7: 700 | D7: 18.75 | E7: =C7*D7 -> 13125
A8: AquaLux Dynamics | B8: Acqua | C8: 900 | D8: 14 | E8: =C8*D8 -> 12600
A9: SolarTech Solutions | B9: Orizzonte | C9: 1100 | D9: 10.5 | E9: =C9*D9 -> 11550
A10: AquaLux Dynamics | B10: Pianeta | C10: 600 | D10: 20 | E10: =C10*D10 -> 12000
A11: EcoVibe Solutions | B11: Vibrazione | C11: 1000 | D11: 13.5 | E11: =C11*D11 -> 13500

Sheet GRAFICI
A1: Colonna1 | B1: Colonna2 | C1: Colonna3 | D1: Colonna4 | E1: Colonna5
A2: AZIENDA | B2: TOTALE AZIENDALE | D2: PRODOTTO | E2: TOTALE PRODOTTO
A3: Tech Innovations Ltd. | B3: =SUMIF(Prodotti!$A$2:$A$11, A3, Prodotti!$E$2:$E$11) -> 25575 | D3: Tecnologia | E3: =SUMIF(Prodotti!$B$2:$B$11, D3, Prodotti!$E$2:$E$11) -> 7875
A4: SolarTech Solutions | B4: =SUMIF(Prodotti!$A$2:$A$11, A4, Prodotti!$E$2:$E$11) -> 31100 | D4: Cibo | E4: =SUMIF(Prodotti!$B$2:$B$11, D4, Prodotti!$E$2:$E$11) -> 10200
A5: AquaLux Dynamics | B5: =SUMIF(Prodotti!$A$2:$A$11, A5, Prodotti!$E$2:$E$11) -> 37725 | D5: Pannelli | E5: =SUMIF(Prodotti!$B$2:$B$11, D5, Prodotti!$E$2:$E$11) -> 9800
A6: EcoVibe Solutions | B6: =SUMIF(Prodotti!$A$2:$A$11, A6, Prodotti!$E$2:$E$11) -> 13500 | D6: Quanti | E6: =SUMIF(Prodotti!$B$2:$B$11, D6, Prodotti!$E$2:$E$11) -> 7500
D7: Infinito | E7: =SUMIF(Prodotti!$B$2:$B$11, D7, Prodotti!$E$2:$E$11) -> 9750
D8: Crema | E8: =SUMIF(Prodotti!$B$2:$B$11, D8, Prodotti!$E$2:$E$11) -> 13125
D9: Acqua | E9: =SUMIF(Prodotti!$B$2:$B$11, D9, Prodotti!$E$2:$E$11) -> 12600
D10: Orizzonte | E10: =SUMIF(Prodotti!$B$2:$B$11, D10, Prodotti!$E$2:$E$11) -> 11550
D11: Pianeta | E11: =SUMIF(Prodotti!$B$2:$B$11, D11, Prodotti!$E$2:$E$11) -> 12000
D12: Vibrazione | E12: =SUMIF(Prodotti!$B$2:$B$11, D12, Prodotti!$E$2:$E$11) -> 13500
